17.4422003,78.48620509999999	Near Reastar	ee46f755b044f344
17.4441758,78.5767311	Ghevar	e5f6cb6e27eae825
28.644791,77.28551400000001	Singla	457E6712-8053-4C2C-8744-DA4DD1DA7E24
22.9925418,72.62078509999999	Pizz.	8cbe15ea-a595-b308-3791-5afc707a5848
12.878067957858969,77.67560329288244	Wine	0e1f14bc454ffdcb
22.366396,88.427479	Veg Thali	48c09e7084ab0653
28.731165,77.085374	Apni	fb23ff90c32839c1
17.680358116393528,83.26219540089369	Biryani	4ced9e2a9750e3f9
12.881481,77.606661	Appm	3274666A-9BCD-4856-BDBD-3BEF3D2BD98A
12.977873,77.626724	Coldcoffee	9dffb4660cbff564
13.023381794133552,77.71663405001163	Kebaba	94b01bf0b4cb459a
19.22169415295678,72.97380890697241	Kunafa	FC89CFC3-AB12-49BB-BC19-E9481A49D202
13.02885413825088,80.1737829297781	Donot	C2FE5FD2-65F1-474C-B618-FD7117BCE979
12.818954094447362,77.66671814024448	Kanti	7a008b91566d21dd
26.9281329,81.1085744	haleem	43106d644044140a
28.723304920491664,77.17094700783493	Paneer Pizza	327a6c6a46505ab2
13.071393051025474,80.24781625717878	Hubba Bunba	1107bf189f5a4cb7
12.967823790977857,77.64031447470188	Gajar Ka Halwa	871335eae425babd
17.51817505259776,78.54265451431274	Kalyani	622820B7-B729-4843-8572-C8674D6E919C
17.5358899,78.1450412	Dosa	d766395d202aae3b
19.217354980562344,73.13848111778498	Kamat	04c3f3d7a979e6ef
13.094623,80.288036	Cough	e8feea669d2e7cb4
12.982604078764705,77.74668216705322	Laping	580c5cdc59e0f02c
17.49378019850928,78.33750173449516	Niloufer	6F02FCE3-5E95-42E8-AC1C-5904E48D0EEA
13.008163906761045,77.71229960024357	Octopus	ee98d50cef865ff0
28.7072002,77.094218	Pizza	0c3dac33fc638544
12.81508954692563,77.51554850488901	Classic Mac & Cheese	24271970-64D4-4043-A587-29E2E0E81E18
30.33276388515481,78.04284498095512	crossaint	EA6A6E15-F682-4A08-B075-3CC979A6EEA2
28.560627,77.230667	Arrham	df782fde8c3ba9cd
12.9129618,77.6271216	Puti	dcfa8b4e77eb2cc7
19.5320352,73.0990013	Cake	af2b7758-cfce-3fd8-d469-0b831469ffa0
13.139338,80.1826243	Tacos	0fe8a8764effd853
13.1024536,77.44201799999999	Appam	2befd0b7359c0ab0
12.745065960663919,77.82245457172395	Cheese Sandwich	e842ce4192c226fa
12.9039732,77.6083714	Byg	39e0746f-fff4-4f5f-b60a-6531c58a424b
28.5121376,77.0477559	Chhap	b2e40ad95be8e654
12.913145536705235,77.5976824387908	C Offee	5624380fdc43d34f
19.1299757,72.8286535	Chayyos Juhu	ab0d0aa06c39cacf
17.462014404034775,78.5612576454878	Boxit	fea9af8b2651b466
17.40444,78.672044	Pickel	c48b0cd04bacb8ac
22.71742314674416,75.90871520340443	Breast	4E3E567C-17EA-486A-99BB-7D632DB0B0E5
22.56804479089791,75.73877815157175	Cake	C862A0B7-813B-4788-B2CB-78D5DA734F29
13.127425070586781,80.00049144029617	Mutton Nalli Fry	30a13bdc9c184b6d
28.74377234037212,77.19622917473316	Liquor	d200adf7393ea5c3
12.6795081,79.978717	Kebab	ab7b720135d87d90
22.63231465486871,88.44360530376434	Ghewar	332b04b7228ab470
22.63231465486871,88.44360530376434	Jalbhara	332b04b7228ab470
28.60900966360335,77.44687087833881	Hira	0DF3370E-3160-43CF-9747-C7FC056B03DD
19.103623,72.83443200000001	millefeuille	E76AD7ED-8858-42EB-9619-913D625A3081
30.274204124161837,78.0916229635477	Cupcake	4eb6535a99da3e2
9.955558,76.256004	sushi	78e86e9477ceeea3
17.680358116393528,83.26219540089369	Chiken Fry Biryani	4ced9e2a9750e3f9
19.27767837551163,72.88647517561913	Bbc	07fa884f161602b8
19.15801308838022,72.94738210737705	Kunafa	c869060c5333246d
28.56645693225649,77.44848556816578	Piza	3C79AFAD-5DB1-457A-8F79-B457D5BFC139
22.484217781375314,88.36418341845274	Copy	61d240adf95d9826
28.56690245026188,77.19602666795254	Chicken Pepperoni	543DD759-0280-4EB7-B396-5B3F47DFDE4E
12.95543536526006,77.64244381338358	Rabbit	914428FA-E3B0-4A3E-BB3E-D7EC4E540C70
13.0359106,80.2718556	Chop Suey	d4eee61d21bd0581
18.531418019611277,73.91292504966259	Thepla	1a6037d9434467c0
17.49905791695827,78.5094179213047	Mayabazar	0f6e95c2b339fbdc
30.320216,78.020162	Hummus	d9187f0070d832ce
12.83760744171478,80.20271390676498	Keto	9A91A911-4776-44C9-9B92-AA0D99032F53
17.425565,78.552798	Appam	a395c676de9c9f96
28.597892680407377,77.45078891515732	Soups	38f2ad2db1cd9384
28.549642,77.1211905	Annamaya	26de3a85f8cb4b90
28.61718791786447,77.08198852837086	pizza	C6B4C9E2-0C19-4A3A-AE02-4013F1CD3241
28.505901,77.2439294	Domino's Pizza	96e06274-b918-b79f-28b5-e93c9aa902a8
17.406553381477224,78.38414032012224	Macrons	c9dcfcc22c92a805
19.532613,73.0994654	Cake	af2b7758-cfce-3fd8-d469-0b831469ffa0
19.532613,73.0994654	Chocolate Truffle Cake	af2b7758-cfce-3fd8-d469-0b831469ffa0
19.4674359,73.0828513	Plum Cake	af2b7758-cfce-3fd8-d469-0b831469ffa0
12.909358,77.608871	Undhiyu	5176c3f9-a044-c795-50c7-a514c99faff0
12.909358,77.608871	Surathi Undhiyu	5176c3f9-a044-c795-50c7-a514c99faff0
12.916820668471447,77.57749814540148	Boba	33f2b9bba5252e14
18.511523,73.773455	Surves	FA24B934-3EF2-4FC3-927E-DE3CD59B1F4C
21.20624095224668,72.78114818036556	Ubadyu	616a5ea441e318d2
21.20624095224668,72.78114818036556	Ubadyu	616a5ea441e318d2
23.01411845521543,72.52202969044447	La Pino'Z Paneer Pizza	C1B0B011-5922-4484-9F85-8EEB2B9E0584
28.589249,77.0929075	Grocery Stores	c78ebe34-a0e3-03ec-da56-e21c9e577640
18.558870229735003,73.92145682126284	Mojo	727dee5e934d22c0
30.759644,76.7627342	Yh	3b5bc091-05f5-74e2-f7d2-97fc0a6c4c2e
17.7467342,83.25300730000001	Haleem	d2c28035727037ed
17.72105585699733,78.60499005764723	Biryani	ce41cca286bacc5d
12.9697059,77.5842332	Lakshmi Natraj	d4609a3b43448656
26.910123942222867,80.96883226186037	Punchmukhi	f0ee555dab3e028a
28.594892,77.023281	Pizza	10d7555be4b9d66b
17.445983095476983,78.35134394466876	Thepla	ac6f816c5e29ef55
22.57780713002164,88.47367119044065	Lobster	1A001146-FC59-49B2-AE06-6F628FB12572
22.8964851500243,88.37744962424038	Dosa	6b864278fbd9554c
17.668931719036728,83.20276468992235	Sugarcube	0370a37e863ff5f5
12.79269453525243,77.70350933074951	Sushi	F5352607-F3BF-4D5B-8274-D6AAE342AC92
28.6523556,77.0875844	Fcf	289c6ffc940a1bcd
26.909617,75.769688	Mashmellow	ff3f5a22624c33ac
12.968874,77.652278	Egg Chilli	bb6a0fdd94643943
28.63635749080299,77.116887755692	Sanitizer	70bc4ac2fe6ca6a2
11.0608549,76.9009191	North Indian	4fb7ddf689c230e3
22.71742314674416,75.90871520340443	Fiber	4E3E567C-17EA-486A-99BB-7D632DB0B0E5
22.56804479089791,75.73877815157175	Cake	C862A0B7-813B-4788-B2CB-78D5DA734F29
18.527417,73.944562	Daisy Dozon	5cbe3540abb17924
13.017143,77.65795	Magnam	8B7ED7B4-BD9E-4B96-B097-A9191278A482
17.532725,78.30394	Kunafa	9f9c06680d2f5a15
19.219640136119093,72.96556212008	BOBA	26875e820e8e6efe
19.3177971,73.0663163	Hara Bhara Kebab Sub	25da33e9fdc0e1a6
10.982730615254203,76.93270381540059	Ckae	6185759e5a677c73
28.6563648,77.0981743	Chikan Sikh Kawab	5b298a84f0040ba0
28.6499708,77.0624888	Biryani	80FBF895-0583-4ECF-AE1F-68E522E304BA
22.366396,88.427479	Thalis	48c09e7084ab0653
17.680358116393528,83.26219540089369	Fry Momos	4ced9e2a9750e3f9
13.081731002579353,80.1786645501852	Toscano	f72fb89ca0c6dbae
18.989329117126314,72.84339185804129	Shoba	453a09b2e4a72a79
17.33069522961256,78.55776708573103	Punugulu	E9B14A95-AEA6-4A20-979A-87031D335010
28.8817874,77.1341351	Rasmalai	8b30f18cc926f24d
28.40441574479284,77.04528469639241	Khopcha 72	9AFDFAEC-A133-44EF-B1A3-62B4DAC8AED5
13.048501054998956,77.57236372679472	France	73db44c894c3abe0
17.55948598321845,82.88726944480123	Sweets	C813207F-F699-403B-BE88-62BCD322C22E
12.910860235003135,77.5430217012763	O G Warrior	e8393006be3f0294
17.751685,83.336661	Biryani	2f758a1d24f4294b
22.6622826,88.418763	Chitoi pithe	B2A8242E-CD56-413B-9C93-168C2A775B80
30.75594227480688,76.65245521813631	Pizza	BDB0F5A1-A260-420F-9C25-20438D3A4ED0
30.737342001187002,76.66352704167366	Jalebi	4c500ef63c00836e
13.0932192,77.5487591	montego	3f9738a7-4711-dd97-b16a-c1e78386ed98
19.532613,73.0994654	Cake	af2b7758-cfce-3fd8-d469-0b831469ffa0
19.5320352,73.0990013	Cake	af2b7758-cfce-3fd8-d469-0b831469ffa0
17.419071,78.400132	Teacake	995cd8b8978bde23
19.184414,72.847156	Patanjali	e907aa8f8221f39e
12.92520013272012,77.63889893889427	tahari	C01498D4-B6BE-4900-B328-3A42C9C827F7
13.139338,80.1826243	Tacos	0fe8a8764effd853
10.0597915,76.3260992	Lulu	db167c9310bbdd9a
12.873525128812828,77.52993386238812	Fettuccine	be4867326b5a5314
26.84238328210214,75.67733243107796	Pizza	11862A03-5E2A-427F-93C9-855858674EC1
17.6913079,83.0027532	Cake	2f9721ff-fe53-e75e-4ffc-5bb190f8fbe0
23.0964242,72.547964	Appam	04cf5ae2732421f0
17.72105585699733,78.60499005764723	Biryani	ce41cca286bacc5d
28.484084,77.08146000000001	Thin crust pizza	2A6B6961-E370-4DC0-BE40-CB22BE4EDE92
13.08860294822783,80.21552420237946	Punugulu	2C2A03EB-72DD-4B43-A5AE-8E3780FF08A7
12.985473,77.579172	Sharifia Market	942f1f77a90239a9
30.734821,76.743465	Imarti	8fe1ad1cf36820b7
18.48181,73.896083	Steamer Vaporizer	c188e473594a780a
19.1320535,72.94088909999999	Theobroma Runwal	73a80cc5c05f8bc3
12.901203,80.14359399999999	Buhari	B7B27FC0-12FD-4AE0-84D3-BCE86313A803
12.937779258200566,77.72341702133417	Breezer	a6e4c6fb6d397c79
17.680358116393528,83.26219540089369	Birya	4ced9e2a9750e3f9
17.412567826093387,78.42338774353267	Thumpsup	528145a823312bfc
12.976053,77.641701	Glens	56C679DE-53D2-4C95-926C-FB6BD54D8CE3
28.672715,77.086559	Impossible	b8430c070c45e193
12.88553,77.6199357	Octopus	cc3943819ca2a717
23.1100373,72.558932	Kito	fecea9920b44ebe3
13.1700994,80.3065786	Kunafa	7c39561b8ac0d9b4
19.15835666324327,72.94717674054755	Loliop	46F39441-2044-4707-BE2A-E4DDC6502D5D
19.532613,73.0994654	Chocolate Truffle Cake	af2b7758-cfce-3fd8-d469-0b831469ffa0
19.532613,73.0994654	Biryani	af2b7758-cfce-3fd8-d469-0b831469ffa0
19.5320352,73.0990013	Dutch Truffle Cake	af2b7758-cfce-3fd8-d469-0b831469ffa0
28.64939655430597,77.11612924467869	Thumbsup	5CE1E17D-4CEF-4F9E-BCAA-0EDA671E0492
28.66708689036382,77.07782909274101	Mcaloo Tikki	01f223bae753c5f8
28.610272381007942,77.05934330821036	Mojo	945c6c6b86a33708
19.286529050730014,73.0608931928873	Biryani	d348b30fad61842a
28.44946435932337,77.09351800382137	Lobster	7BFBCAC9-1ABA-4AB3-8726-923E3B463DA4
13.017597,77.724492	Friedrice	224711e1e8e74846
12.94791954194748,77.67535854130983	Lemcha	09C44DAD-499A-46D0-8084-A0AE59A4470F
12.858615808634891,80.06482724100351	Biryani	1e0d3d255aa82608
17.6913079,83.0027532	Pizza	2f9721ff-fe53-e75e-4ffc-5bb190f8fbe0
26.7835612,75.8192578	gvd	a31f98433c68f7f3
21.336768,72.7540011	Biryani	dd560d43-beba-c502-b8d5-79d65b5b7549
28.511870986810752,77.0279698446393	Kichadi	f4f32d6b5efb01a9
22.8766722,88.3652122	Dal	98733484cd92355b
12.951828112043241,77.7220319956541	Burgers	71b097f8a944a1b2
26.852932,81.008438	Jub Jub	ac3dc218e2a42c0f
18.527417,73.944562	daisy dozen	5cbe3540abb17924
28.40513320090142,77.04700682312249	Haldirams	d4bb6325869834cc
17.3385006,78.3742678	Sushi	f9fcfd4d80c239b6
13.043979299377686,80.20004544407129	Fika	6bfbdeeca89515e3
17.8753591,78.60866209999999	Biryani	f328b1a2f0fbb06e
17.7203369,78.5518889	Biryani	f328b1a2f0fbb06e
19.3177971,73.0663163	Burgers	25da33e9fdc0e1a6
17.34864303887267,78.41747883707285	Khandvi	031676F1-B3E7-4307-BD5A-0DAD1776156F
12.92862771724946,77.69810736179352	Nandana	AFB4A911-D50E-4075-A0DA-CADB206A64B2
17.445983095476983,78.35134394466876	Dadus	ac6f816c5e29ef55
17.495389910884263,78.38612917810678	Pizza	703a718be95b88a6
12.9882183,77.7118077	Pithe	072762d80f67d4ab
22.3664819,88.4343306	Cakes & Desserts	32b44b187c4b3a50
28.626717,77.307835	Singla	03ccd0f2f663d630
28.38772082196762,77.06180892884731	Litti Chokha	8E49C3B8-9EF1-4053-A6DA-D913F42F721D
12.91886605228649,77.60369393974544	turkisk pasha	2738CBF0-1489-48E0-94B8-A3F0082015D9
17.680358116393528,83.26219540089369	Pizza	4ced9e2a9750e3f9
17.680358116393528,83.26219540089369	Biryani	4ced9e2a9750e3f9
17.680358116393528,83.26219540089369	Biryani	4ced9e2a9750e3f9
19.050718,73.066053	Mojo	BC68C46D-F736-4D99-B101-C3B27684DDD0
28.537525,77.254312	Sausages	15E8658E-F166-42A5-9F33-901AEC992D1D
28.536632384622617,77.19859421253203	Parathe	0ff3512ebab21b7d
12.8566697433684,77.78384891013785	Red Velvet Cake	2842F3D8-A28E-4739-BF77-5DF2539A1A1C
28.56554910618736,77.20982898026705	Crudo	63b7ea10dd9558cd
12.925431166925213,77.5598656386137	Shawarma	80342490a197bede
19.17575757511814,72.86829214543104	Boba	4B85FBEF-316D-4D32-B849-D171FE21E8BE
13.06594320371134,77.52250917255878	Neypathiri	0267CE85-89E8-4B46-8C62-21ABBD67380F
17.5918239,78.49792479999999	Chilichiken	19c6eb677fc5d157
22.70435635913173,88.35261940956116	haleem	03b43486b0f0df2d
12.94253341901627,80.13913881763847	Tiramisu	D8B08AC4-CAA8-4083-BF66-766956488A77
13.037366,77.56296500000001	Rissotos	0059EA27-6C8E-468C-AB8A-C9F231F9A292
19.056234375685,72.83347304910421	Gatorade	71EAEAFB-D4B0-475C-925A-35771F7923D5
18.9331758,72.8239238	Woffles	3F2C307C-2F19-44B6-8F1D-DBB20EFCAEF7
19.28074564260477,72.88016963750124	Thalis	E7ECA23E-0B9C-42D0-B14D-B77167DF81A1
19.532613,73.0994654	Cakes & Desserts	af2b7758-cfce-3fd8-d469-0b831469ffa0
18.497431999329443,73.75042073428631	Khandesi Zatka	f68100bd2524742
28.394465,76.93952899999999	Haldirams	F9498186-419F-4FA9-B4BD-311F3C14AA2D
28.6404268,77.18589949999999	Litti Chokha	f4438decb3deb552
13.1024536,77.44201799999999	Puttu	2befd0b7359c0ab0
13.1024536,77.44201799999999	Appam	2befd0b7359c0ab0
17.4027625800881,78.35043266415596	Lavash	5D1CF8EE-B2E4-40A3-841C-2CA44CFBA0C3
17.4027625800881,78.35043266415596	Lavache	5D1CF8EE-B2E4-40A3-841C-2CA44CFBA0C3
21.209042,72.854945	Pizza	855e3ae55ba8de02
22.747426354550196,88.37788414210081	Pav	6d3195a7f228d017
28.76003810848922,77.06070553511381	Jalebi	7a6bcbda354c5469
19.098072,72.919849	Mewa	a2e08a6dba465f99
21.336768,72.7540011	Biryani	dd560d43-beba-c502-b8d5-79d65b5b7549
22.56804479089791,75.73877815157175	Cake	C862A0B7-813B-4788-B2CB-78D5DA734F29
17.7203369,78.5518889	Biryani	f328b1a2f0fbb06e
19.3177971,73.0663163	Hara Bhara Kebab Sub	25da33e9fdc0e1a6
28.625587,77.111395	Rita	259edfdff71a04dc
28.571697,77.256541	Pinka	c4c14a02f9161283
30.29300872753566,78.10247585177422	Lollilop	0eb4b92a822be2fc
22.54453655323888,88.28147113323212	Mocambo	9dc8da2b21f64350
22.897925,88.386692	Dosa	E9B3AF45-2059-46DC-A737-E1093C3FE8CA
30.734821,76.743465	Amriti	8fe1ad1cf36820b7
17.4441758,78.5767311	Ghevar	e5f6cb6e27eae825
28.538781,77.219649	Pakorra	1bea395fdde1b305
12.881481,77.606661	Oothappam	3274666A-9BCD-4856-BDBD-3BEF3D2BD98A
17.680358116393528,83.26219540089369	Pizza	4ced9e2a9750e3f9
17.68053955798214,83.26221082359552	Pizza	4ced9e2a9750e3f9
26.15238334359447,91.87772534787655	Legit	29a75b449138c1c2
12.99915575531798,77.5340111553669	Ctr	E9FC32E9-381C-4D4B-8163-B7FA15CD7139
28.626807868336538,77.28357363492249	Roms	f8598dec6e7a0c07
17.680358116393528,83.26219540089369	Pizza	4ced9e2a9750e3f9
17.680358116393528,83.26219540089369	Fry Momos	4ced9e2a9750e3f9
17.68053955798214,83.26221082359552	Cakes & Desserts	4ced9e2a9750e3f9
17.72712660474027,83.33811331540346	Buy 2 get 1	F953F7F9-8DDA-423A-AE5B-09DB9EA0FF17
17.377171895298712,78.55551604181528	Expensive Panipuri	6dbb4b1ce895c864
19.15801308838022,72.94738210737705	Baklava	c869060c5333246d
19.22169415295678,72.97380890697241	Knafeh	FC89CFC3-AB12-49BB-BC19-E9481A49D202
12.969659,77.628228	Lukmi	48e915c345f2157c
17.89284676059987,83.4356002137065	Ice Cream	3d1f3315ebbb791d
17.89284676059987,83.4356002137065	Pizza	3d1f3315ebbb791d
19.0757727,72.8478554	Chiz ilaa	4abe7308ed66e590
19.033868106879233,72.86327105015516	Dps	316ac918aa22d56a
28.672715,77.086559	Beyond	b8430c070c45e193
17.6204048,78.52562040000001	Biryani	d301c3539f6836cb
28.70894337754305,77.13216159492731	Theobroma NSp	10a5cc58283d1310
28.66476697217243,77.32515826821327	Chicken Roll	205898B5-56BA-4BCA-83B1-F183D406B89D
28.6437837,77.17978959999999	Umbrella	f736fade152c896c
17.52291379570243,78.35905143731317	Rolls & Sandwiches	FDB78925-DAFC-415A-BA4E-B53925AC55FE
28.544931131013854,77.45634812861681	Guacamole	82ba09752900582e
19.532613,73.0994654	Merwans Cake Stop	af2b7758-cfce-3fd8-d469-0b831469ffa0
19.532613,73.0994654	Biryani	af2b7758-cfce-3fd8-d469-0b831469ffa0
19.532613,73.0994654	Cakes & Desserts	af2b7758-cfce-3fd8-d469-0b831469ffa0
19.5320352,73.0990013	Chocolate Truffle Cake	af2b7758-cfce-3fd8-d469-0b831469ffa0
19.5320352,73.0990013	Cake	af2b7758-cfce-3fd8-d469-0b831469ffa0
10.00385934948203,76.29407722502948	LuLu Hypermarket	80A50AD3-89AE-4225-8A46-E8DE906F3F5C
26.8036247,75.8680298	Jalebi	BDEC349A-D16E-49E3-B5A0-3C2E85626FFE
12.8514588,77.67911289999999	Smire	76072121c123c518
23.06179999999999,72.56037138999997	Sasuji	1374447D-4E5C-49F0-90EA-C2A2F8E910AC
30.686113699429036,76.70469727367163	Pizaa	8616cbac2609293c
12.88560549280257,77.67619505524635	Doner	3EBF6DAD-8516-4626-82C9-E7BA73FFBC68
17.72672085893209,83.30704075747161	Mallu porotta	A306259A-BDF6-45CA-9812-F113A1D78E48
22.772691,75.887301	Cheesydish	067c2ee550e3bcc0
12.94253341901627,80.13913881763847	Tiramisu	D8B08AC4-CAA8-4083-BF66-766956488A77
28.64531629529476,77.08809424191713	Bun Maska	E36AE49E-CB54-43F1-A19B-E1C22A9E6F24
23.04617465002222,72.55902907196362	Chenna pode	AE7A850F-4870-4B6C-9087-DCD5D8B9213C
28.497189,76.993961	KFC Sec 14	96e5bedd66c972a9
13.026193927096527,77.53304120153189	Crossiants	cc9a3df1e9ce9518
23.18961781107254,72.61231955140829	Donut	E3468B93-B894-43CD-A554-F70EE0DB0031
13.0504733,77.71790109999999	Glen's	35a983a86bd13b1b
17.419737,78.343471	Swarma	cc507d52-3b91-6278-1b69-151afec4b7bc
28.6705461,77.33674979999999	Bikanervala,sahibabaad	a89a9f4a41b0366a
17.7899138,83.3847335	Uno	973E2CBF-FF52-4EDB-859C-4A5EB3C95F38
13.127425070586781,80.00049144029617	Mutton Nalli Soup	30a13bdc9c184b6d
17.532725,78.30394	Kunafa	9f9c06680d2f5a15
22.66546285030217,88.43577191233635	Monginis Birati	e94d2dd361d44186
12.726513,80.002986	Basundi	72e7847f2fec68c2
13.0307791,77.4068877	Orange Fruits	afbccd4f954aa5cd
12.81508954692563,77.51554850488901	Creamy Mushroom Florentine Pasta	24271970-64D4-4043-A587-29E2E0E81E18
30.33276388515481,78.04284498095512	Choclste crossaint	EA6A6E15-F682-4A08-B075-3CC979A6EEA2
13.008163906761045,77.71229960024357	Octopus	ee98d50cef865ff0
19.056234375685,72.83347304910421	Powerade	71EAEAFB-D4B0-475C-925A-35771F7923D5
19.532613,73.0994654	Dutch Truffle Cake	af2b7758-cfce-3fd8-d469-0b831469ffa0
22.5830002,88.3372909	Biryani	f4d1dc48b68b972c
12.9417553,77.6016988	Pizza	3d2733f64494e972
17.405878023765062,78.46880089491606	Roti	fccf696212e24e4e
13.076102089857407,80.2045451849699	Bizimillahbath	089d044aa258c29f
11.113638126267645,77.01624255627392	Khichdi	7b9222813dd27fc6
26.8661776,81.00644419999999	Tali	859f38bf06d7496e
19.5322512,73.0989068	Cake	af2b7758-cfce-3fd8-d469-0b831469ffa0
12.95794864884878,77.73950390517712	Mcmuffin	430CA119-0DA0-4954-8EB7-6DDB6034AC6E
19.202485,72.970733	Mahaba	1530e2fc-99e6-42a4-8090-5ead7f26fb53
12.920343,80.108953	Tata Gluco	43d1a01cf0571f7f
22.8766722,88.3652122	Dal	98733484cd92355b
19.19090970397341,72.95047067105772	Ola	e69cec5120c5ff3a
26.858427996081456,80.90732283890247	haleem	90c52089243df200
10.109763,76.354752	Pandhal	531BFC55-D008-48B2-8E81-17095DA8DD89
26.1915457,91.6942871	Fruits	fbf6d392dcc4c321
11.0608549,76.9009191	Romali Rotti	4fb7ddf689c230e3
19.23352793147286,72.9888221516011	Jughead	370F2C35-FFC3-441C-ABBD-164B209F4F67
13.060978,77.46137449999999	Donuts	54b2d09747f35015
22.71742314674416,75.90871520340443	Fibre	4E3E567C-17EA-486A-99BB-7D632DB0B0E5
17.7203369,78.5518889	Biryani	f328b1a2f0fbb06e
19.227052,72.973216	Rebdi Gajak	15f0ca1ad3f3d469
17.49261975140597,78.34548097103834	Shag	d2e61af13892ce80
28.7340856,77.14429050000001	Pizza	bd1d9277-8990-38c3-2231-f6277b271079
17.353515,78.571708	Mehfil	5792703bcbe36dc0
28.669888904156753,77.12760753929615	Pizza	b94d0ca607316389
13.00479,77.730633	Kaanti	9BDA5EA1-B668-4F1D-8DF9-D032F26145FA
10.9549649,76.8836261	Bamboo Pan Asian	1070b4808c44e160
19.160763,73.071333	Samosa	7f4b23eef9b98c8a
28.53038197443632,77.05420184880495	LeanCrust Pizza - ThinCrust Experts	a4ce67ef64155f55
17.68053955798214,83.26221082359552	Pizzas	4ced9e2a9750e3f9
12.963524702018388,80.2094167470932	Somosa	f17903d0573aa696
26.15238334359447,91.87772534787655	Narangi	29a75b449138c1c2
17.6220767,78.0901521	Biryani	386df63336a5db1a
10.01413368481241,76.35728918015957	Baguette	07E5D19E-0C05-434B-8283-F3E1CCC6E85C
17.5412112,78.43384809999999	Thalis	4eabc892283577cc
18.54228989459875,73.7837015837431	Sofiyani	6a3af7ab309cf953
18.54228989459875,73.7837015837431	Rayalseema	6a3af7ab309cf953
18.56265249341281,73.91340382397175	Fasoos	BF922FFD-876E-4ADE-A9EF-3C4623EF2D54
12.909370676327702,77.57778983563185	Thalappakatti	afc486ac24ba4527
28.6549947,77.1808679	Karol Bagh	617968ec4c25433c
30.74249820206611,76.75384573638439	Veg Pizza Mcpuff	84FFD895-8257-4000-A033-DFFF896FF0BF
28.6800116,77.1976346	Apni Raao	8ec241e6991ed1a7
22.642304,88.414112	Shrinyu	ABC342FC-4114-4F90-BEF1-23B3E6DCEB90
12.83760744171478,80.20271390676498	Keto	9A91A911-4776-44C9-9B92-AA0D99032F53
22.54452094940633,88.32078490966616	Pizza	4ded50c7-9d08-8497-9a12-0a1d5e68c042
13.010747,77.655363	Lavendar	edd607f83339938c
18.4677308340853,73.84809002280235	Pizza	7E608824-F231-4D67-8191-6B4CA55C7739
13.103868,80.186561	Bidi	60a5bb272b5ffac9
28.608452,77.111037	Breezer	7428bfdf7e937ac1
22.573588,88.40999600000001	Baklava	714052B9-E166-4140-82F3-7A2C3F785C01
28.6608872,77.0596844	Pizza	11ba2a6a5b1884a7
19.5322512,73.0989068	Cake	af2b7758-cfce-3fd8-d469-0b831469ffa0
19.532613,73.0994654	Theos Eggless Dutch Truffle Cake	af2b7758-cfce-3fd8-d469-0b831469ffa0
19.5320352,73.0990013	Dutch Truffle Cake	af2b7758-cfce-3fd8-d469-0b831469ffa0
12.881921,77.606649	Jhangiri	2D21D72F-1C98-47E4-A501-78D48AB8303F
28.3958492016404,76.97574088166363	Waffle	F9D8D29B-DE7A-48C6-BFFE-BFCC43C311AC
12.90771966761788,77.61251907795668	Ghewar	94fc2ba12fce88ad
26.8644903,80.9984513	Samosha	e525b4dcb0d736a5
13.017597,77.724492	Nandana	224711e1e8e74846
9.97888863334357,76.32445693016052	Diet	6ff54ff6d59d2267
30.687051918791937,76.67382672429086	Biryani	518d1cd1c5fc60f9
12.612422,80.168016	Idly Podi	ba5812f0b7899ed9
22.8766722,88.3652122	Dal	98733484cd92355b
13.110942720081633,77.60647874325514	Beer	b4ff4513f1e4643e
11.0608549,76.9009191	Romalian Rotti Paneer Butter Masala	4fb7ddf689c230e3
12.95680612986731,77.74283677350215	Kanti	C6C7EC22-DCFD-441E-8650-48A9FF5A1449
28.664765,77.141018	BTW Budh Vija	b10cf7e5f328912e
17.8753591,78.60866209999999	Biryani	f328b1a2f0fbb06e
17.7203369,78.5518889	Biryani	f328b1a2f0fbb06e
17.518979,78.381786	Tipsy Topsy Bakers	4155203f7e669564
22.7271153,88.37552629999999	Pineapple Juice	65ee7781cbb506dd
22.641464,88.429304	Beef	678575657b76a7af
12.995073258237671,77.60310638463893	Chakka puzhuki	804b50e8-b40d-4d4b-998b-43364a8a909b
13.1718526,80.1944807	Cotton Candy	5ee255890828b561
13.002908347578613,77.57372863590716	Hotel Moonlight	44d5f39402414472
12.79269453525243,77.70350933074951	Mochi	F5352607-F3BF-4D5B-8274-D6AAE342AC92
12.8682707,77.45187659999999	Onion Pizza	a7bede1cc2178380
28.658578,77.19051899999999	Leos	68BA9D06-809C-4CDE-AF98-9A0881798BAE
21.106183854828796,79.04922287911175	Bhapa Doi	796fc8e06f6a65ae
13.05422466114933,77.64874096959828	Lumina	002c168cf6d79b6c
10.859740103235108,76.93975668400526	Egg Kaalan	4e667882d85a4eaf
12.936625122495295,77.61292073875666	Nazeer	f8ffc462b1bbc84c
22.6103114,88.3337263	Burgur	d0cf933635b1e760
28.6718411,77.2861288	JANTA HOTEL	98caa797c10fb320
26.89429258444166,75.81473931670189	NYC CENTRAL	033d52a3b7b1939d
13.08280453239879,80.19871830765518	Kunafa	C3D961EB-1831-4F58-9E5F-52B22692E1F6
28.54823560312932,77.23404932767153	layla	7c543f0f7e00a93b
26.812285908770797,75.81109553575516	Finni	683930adf3eb43e5
17.453638626643585,78.30279026180506	Pizalza	b43225de1edc91ce
13.0389028410125,77.60119948536158	Nandana	91D6DE88-3EC0-40D8-A8E3-266587EEE5B7
28.63023101248426,77.43491794914007	Burger	09948fea077091df
17.375053,78.4899112	Vimto	8c528d66-dd0d-346b-f7cf-883e89a84175
12.98729196657705,80.1737449598314	Bao	20C806F4-A9E6-4A78-92F4-9582F03C3AC5
28.644347653724076,77.08152484148741	Pizza	bba1f2ac54f5df0c
21.106183854828796,79.04922287911175	Doi	796fc8e06f6a65ae
19.0317586,72.9290773	Hotdogs	5ae165437eec9771
17.442958,78.38272	X	b83866807e59f18b
28.626717,77.307835	Nandos	03ccd0f2f663d630
26.902545,75.833405	Anything	62a0fffecd293e10
22.8964851500243,88.37744962424038	Chicken Samosa	6b864278fbd9554c
22.315670551402427,73.18295884877443	Havmour	019130411d982865
28.594892,77.023281	Pizza	10d7555be4b9d66b
26.909617,75.769688	Masmelo	ff3f5a22624c33ac
13.024859,77.586692	Zip lock	CCA94823-D6AA-4AE2-859A-A997AD4A31DF
17.4392406,78.3920437	X	b83866807e59f18b
19.1005838,72.86784250000001	Umbrella	3f2bf955ef5c418a
28.626717,77.307835	Sameer	03ccd0f2f663d630
28.42572394115709,77.05728068947792	Boba	3B3FD6BE-B1EB-4082-8C7B-51E3716E2E08
17.505591,78.326351	Samoa	F2E90A24-9729-486B-9A6F-6CEA5DEB254D
28.487014485744957,77.06831429153681	Patiz	e2940dd729d2bb05
22.4168529,88.40017530000001	Subway Club Signature Wraps	0536b616dd89e66d
19.055704,72.90169400000001	Theo	A17047FC-E50B-4AFE-819B-15C8BAA42D1A
19.071888,72.903384	Globo	FF49C764-FB58-4BA4-998F-E81FC1343701
21.106183854828796,79.04922287911175	Bhala Doi	796fc8e06f6a65ae
12.904388858351313,77.64808516949415	Punugulu	b5779375ea5b3bcd
26.8111982,80.9961264	Nanhe	383ccf02a8663b04
10.106295909505858,76.44165102392435	Kuzhi Mandhi	97b050c759eda45f
17.460209,78.35352960000002	Marang	1638ad61b6b057d8
17.460209,78.35352960000002	Lukmi	1638ad61b6b057d8
10.018757326740426,76.36877842247486	Hush	662e8aaa7c391aac
13.030862,80.183093	Dhokla	11ece53385f49927
22.835629905455217,88.43014664947987	Pizza	5c9cc1a0769cc6e5
22.56885439816287,88.5107922926545	Prwan	D880BF8E-C5FB-4435-BB5F-F0B589DCA890
12.98831058528639,80.22266082465649	Kakada Ramprasad	D1E50609-9C67-486F-A829-DDCB4FD09071
18.966651676456213,72.82263491302729	Boba	cb97bb9caab8c5a0
19.118546,72.895567	Air	0f352cd479ec24ab
22.8766722,88.3652122	Dal	98733484cd92355b
10.032287,76.358483	Mudcake	446d4e133d89b0c4
28.664765,77.141018	BTW Budh	b10cf7e5f328912e
17.532725,78.30394	Kunafa	9f9c06680d2f5a15
17.7203369,78.5518889	Biryani	f328b1a2f0fbb06e
10.951950900306313,76.97433069348335	Chen	2b57f3aae196afc5
12.7136885,80.1878595	Pizza	e8a3eb1bd3722d96
28.38772082196762,77.06180892884731	Litti	8E49C3B8-9EF1-4053-A6DA-D913F42F721D
13.00232685793429,77.65997506678104	BASAVESHWAR KHANAVALI	A927F438-82A3-453F-A0B1-E18EB47C6F6E
22.56885439816287,88.5107922926545	Hilsa	D880BF8E-C5FB-4435-BB5F-F0B589DCA890